{
  "csv_path": "output/feature/spam_doc_features.csv",
  "label_column": "spam_target_label",
  "threshold": 0.75,
  "cv_folds": 5,
  "random_state": 42,
  "n_samples": 14180,
  "n_features": 54,
  "models": [
    {
      "model_name": "lightgbm",
      "n_samples": 14180,
      "n_features": 54,
      "cv_folds": 5,
      "threshold": 0.75,
      "roc_auc_mean": 0.9696776772501016,
      "roc_auc_std": 0.004408624335188209,
      "average_precision_mean": 0.9740391264785776,
      "average_precision_std": 0.003700233496014998,
      "f1_spam_mean": 0.9060732575914006,
      "f1_spam_std": 0.005086612719411692,
      "precision_spam_mean": 0.9610696487795712,
      "precision_spam_std": 0.0024006824598695685,
      "recall_spam_mean": 0.85706505990847,
      "recall_spam_std": 0.00831301473967436,
      "balanced_accuracy_mean": 0.9097254745909094,
      "balanced_accuracy_std": 0.004492710158645643
    },
    {
      "model_name": "random_forest",
      "n_samples": 14180,
      "n_features": 54,
      "cv_folds": 5,
      "threshold": 0.75,
      "roc_auc_mean": 0.9686396210034636,
      "roc_auc_std": 0.004023477094417296,
      "average_precision_mean": 0.9731053578406957,
      "average_precision_std": 0.0038421189605157445,
      "f1_spam_mean": 0.8943948809428471,
      "f1_spam_std": 0.008207494967065422,
      "precision_spam_mean": 0.9655538626716927,
      "precision_spam_std": 0.0037641574307103382,
      "recall_spam_mean": 0.8330621162293308,
      "recall_spam_std": 0.012100339003730936,
      "balanced_accuracy_mean": 0.9004422683438202,
      "balanced_accuracy_std": 0.0071790543820735315
    },
    {
      "model_name": "extra_trees",
      "n_samples": 14180,
      "n_features": 54,
      "cv_folds": 5,
      "threshold": 0.75,
      "roc_auc_mean": 0.9687408944134617,
      "roc_auc_std": 0.003897968715143782,
      "average_precision_mean": 0.9730221561365996,
      "average_precision_std": 0.0033768924006503396,
      "f1_spam_mean": 0.8818965301527305,
      "f1_spam_std": 0.008484284125404902,
      "precision_spam_mean": 0.9657611606404217,
      "precision_spam_std": 0.003541655721883597,
      "recall_spam_mean": 0.8114996665363474,
      "recall_spam_std": 0.012526012985123992,
      "balanced_accuracy_mean": 0.8901754251442344,
      "balanced_accuracy_std": 0.007210747479310551
    },
    {
      "model_name": "logistic_regression",
      "n_samples": 14180,
      "n_features": 54,
      "cv_folds": 5,
      "threshold": 0.75,
      "roc_auc_mean": 0.9623655926420106,
      "roc_auc_std": 0.0039031529137799783,
      "average_precision_mean": 0.9682573468953952,
      "average_precision_std": 0.0032041476914430192,
      "f1_spam_mean": 0.8731095359475297,
      "f1_spam_std": 0.007249323581968279,
      "precision_spam_mean": 0.9616788074133085,
      "precision_spam_std": 0.0024571974377607985,
      "recall_spam_mean": 0.7995665432467861,
      "recall_spam_std": 0.01212413980344654,
      "balanced_accuracy_mean": 0.8825191993607288,
      "balanced_accuracy_std": 0.005839287070839842
    },
    {
      "model_name": "dummy",
      "n_samples": 14180,
      "n_features": 54,
      "cv_folds": 5,
      "threshold": 0.75,
      "roc_auc_mean": 0.5,
      "roc_auc_std": 0.0,
      "average_precision_mean": 0.5200282087447109,
      "average_precision_std": 0.0001410437235543238,
      "f1_spam_mean": 0.0,
      "f1_spam_std": 0.0,
      "precision_spam_mean": 0.0,
      "precision_spam_std": 0.0,
      "recall_spam_mean": 0.0,
      "recall_spam_std": 0.0,
      "balanced_accuracy_mean": 0.5,
      "balanced_accuracy_std": 0.0
    }
  ],
  "winner_metric": "average_precision_mean",
  "winner": {
    "model_name": "lightgbm",
    "n_samples": 14180,
    "n_features": 54,
    "cv_folds": 5,
    "threshold": 0.75,
    "roc_auc_mean": 0.9696776772501016,
    "roc_auc_std": 0.004408624335188209,
    "average_precision_mean": 0.9740391264785776,
    "average_precision_std": 0.003700233496014998,
    "f1_spam_mean": 0.9060732575914006,
    "f1_spam_std": 0.005086612719411692,
    "precision_spam_mean": 0.9610696487795712,
    "precision_spam_std": 0.0024006824598695685,
    "recall_spam_mean": 0.85706505990847,
    "recall_spam_std": 0.00831301473967436,
    "balanced_accuracy_mean": 0.9097254745909094,
    "balanced_accuracy_std": 0.004492710158645643
  },
  "files": {
    "model_comparison_csv": "evaluation/spam/eval_test_mio/spam_model_comparison_cv.csv"
  }
}