model_name,n_samples,n_features,cv_folds,threshold,roc_auc_mean,roc_auc_std,average_precision_mean,average_precision_std,f1_spam_mean,f1_spam_std,precision_spam_mean,precision_spam_std,recall_spam_mean,recall_spam_std,balanced_accuracy_mean,balanced_accuracy_std
lightgbm,14180,54,5,0.75,0.9696776772501016,0.004408624335188209,0.9740391264785776,0.003700233496014998,0.9060732575914006,0.005086612719411692,0.9610696487795712,0.0024006824598695685,0.85706505990847,0.00831301473967436,0.9097254745909094,0.004492710158645643
random_forest,14180,54,5,0.75,0.9686396210034636,0.004023477094417296,0.9731053578406957,0.0038421189605157445,0.8943948809428471,0.008207494967065422,0.9655538626716927,0.0037641574307103382,0.8330621162293308,0.012100339003730936,0.9004422683438202,0.0071790543820735315
extra_trees,14180,54,5,0.75,0.9687408944134617,0.003897968715143782,0.9730221561365996,0.0033768924006503396,0.8818965301527305,0.008484284125404902,0.9657611606404217,0.003541655721883597,0.8114996665363474,0.012526012985123992,0.8901754251442344,0.007210747479310551
logistic_regression,14180,54,5,0.75,0.9623655926420106,0.0039031529137799783,0.9682573468953952,0.0032041476914430192,0.8731095359475297,0.007249323581968279,0.9616788074133085,0.0024571974377607985,0.7995665432467861,0.01212413980344654,0.8825191993607288,0.005839287070839842
dummy,14180,54,5,0.75,0.5,0.0,0.5200282087447109,0.0001410437235543238,0.0,0.0,0.0,0.0,0.0,0.0,0.5,0.0
