{
  "csv_path": "evaluation/spam/spam_train_errors_1111_th075/spam_test_features.csv",
  "label_column": "spam_target_label",
  "threshold": 0.75,
  "cv_folds": 5,
  "random_state": 42,
  "n_samples": 601,
  "n_features": 55,
  "models": [
    {
      "model_name": "extra_trees",
      "n_samples": 601,
      "n_features": 55,
      "cv_folds": 5,
      "threshold": 0.75,
      "roc_auc_mean": 0.9369114723225588,
      "roc_auc_std": 0.011784569062820764,
      "average_precision_mean": 0.9415844587667023,
      "average_precision_std": 0.011532393483434284,
      "f1_spam_mean": 0.7908185494666535,
      "f1_spam_std": 0.01336750100303,
      "precision_spam_mean": 0.9414502383359815,
      "precision_spam_std": 0.028602637643166173,
      "recall_spam_mean": 0.6821857923497268,
      "recall_spam_std": 0.014557893950356286,
      "balanced_accuracy_mean": 0.8193697323330555,
      "balanced_accuracy_std": 0.012523557684086927
    },
    {
      "model_name": "lightgbm",
      "n_samples": 601,
      "n_features": 55,
      "cv_folds": 5,
      "threshold": 0.75,
      "roc_auc_mean": 0.9303769874347811,
      "roc_auc_std": 0.00952557038093747,
      "average_precision_mean": 0.9394309556040341,
      "average_precision_std": 0.009164534159136624,
      "f1_spam_mean": 0.837781744715383,
      "f1_spam_std": 0.0320722958674863,
      "precision_spam_mean": 0.8920697541452259,
      "precision_spam_std": 0.014661611739147902,
      "recall_spam_mean": 0.7916939890710383,
      "recall_spam_std": 0.05691791317254687,
      "balanced_accuracy_mean": 0.8473724182643327,
      "balanced_accuracy_std": 0.026500099834907854
    },
    {
      "model_name": "logistic_regression",
      "n_samples": 601,
      "n_features": 55,
      "cv_folds": 5,
      "threshold": 0.75,
      "roc_auc_mean": 0.9286763607174832,
      "roc_auc_std": 0.014691148174007785,
      "average_precision_mean": 0.9351356118739231,
      "average_precision_std": 0.014505518903383002,
      "f1_spam_mean": 0.8095874495874495,
      "f1_spam_std": 0.03501286676086167,
      "precision_spam_mean": 0.9385891265597147,
      "precision_spam_std": 0.04525041223512224,
      "recall_spam_mean": 0.7154098360655737,
      "recall_spam_std": 0.05658485117119025,
      "balanced_accuracy_mean": 0.8327049180327869,
      "balanced_accuracy_std": 0.026591536195693107
    },
    {
      "model_name": "random_forest",
      "n_samples": 601,
      "n_features": 55,
      "cv_folds": 5,
      "threshold": 0.75,
      "roc_auc_mean": 0.9317733629711956,
      "roc_auc_std": 0.009692514888071031,
      "average_precision_mean": 0.9345126175763824,
      "average_precision_std": 0.007995305885998902,
      "f1_spam_mean": 0.7629260920644627,
      "f1_spam_std": 0.026785432557854583,
      "precision_spam_mean": 0.9327930180993143,
      "precision_spam_std": 0.018712988711316506,
      "recall_spam_mean": 0.6458469945355192,
      "recall_spam_std": 0.0323972291910169,
      "balanced_accuracy_mean": 0.7995054181717144,
      "balanced_accuracy_std": 0.02012953227474143
    },
    {
      "model_name": "dummy",
      "n_samples": 601,
      "n_features": 55,
      "cv_folds": 5,
      "threshold": 0.75,
      "roc_auc_mean": 0.5,
      "roc_auc_std": 0.0,
      "average_precision_mean": 0.5024931129476584,
      "average_precision_std": 0.0033299165148592234,
      "f1_spam_mean": 0.0,
      "f1_spam_std": 0.0,
      "precision_spam_mean": 0.0,
      "precision_spam_std": 0.0,
      "recall_spam_mean": 0.0,
      "recall_spam_std": 0.0,
      "balanced_accuracy_mean": 0.5,
      "balanced_accuracy_std": 0.0
    }
  ],
  "winner_metric": "average_precision_mean",
  "winner": {
    "model_name": "extra_trees",
    "n_samples": 601,
    "n_features": 55,
    "cv_folds": 5,
    "threshold": 0.75,
    "roc_auc_mean": 0.9369114723225588,
    "roc_auc_std": 0.011784569062820764,
    "average_precision_mean": 0.9415844587667023,
    "average_precision_std": 0.011532393483434284,
    "f1_spam_mean": 0.7908185494666535,
    "f1_spam_std": 0.01336750100303,
    "precision_spam_mean": 0.9414502383359815,
    "precision_spam_std": 0.028602637643166173,
    "recall_spam_mean": 0.6821857923497268,
    "recall_spam_std": 0.014557893950356286,
    "balanced_accuracy_mean": 0.8193697323330555,
    "balanced_accuracy_std": 0.012523557684086927
  },
  "files": {
    "model_comparison_csv": "evaluation/spam/eva5/spam_model_comparison_cv.csv"
  }
}